{
  "dist": 73.4888888888889,
  "mean_n_args": 44.12222222222222,
  "dist_per_mean_n_args": 1.5669023883352433
}