{
  "dist": 64.22222222222223,
  "mean_n_args": 35.2,
  "dist_per_mean_n_args": 1.78580334588687
}